Workbook

Sheet 읽어보기
A1: 6주차 과제 — 대안 비교 매트릭스 원본 (창신초 반경 400 m · 배분 대안 3안)
A2: 작성 순서(6주차 59쪽): ① 지표 확정 → ② 가중치(합 1.00) → ③ 교수자 승인 → ④ 채점(5점 척도) → ⑤ 역전점 검증
A3: 현재 상태: 지표·가중치는 '가안 — 교수자 승인 대기'. 지표값 계산 전에 04_매트릭스_지표가중치_가안.csv 로 먼저 고정했다.
A4: 고치는 칸: '지표·가중치' 시트의 노란 칸(가중치)만. 파란 글씨 = 입력값, 검은 글씨 = 수식. 가중치를 바꾸면 점수 합·순위·역전점이 다시 계산된다.
A5: 점수 규칙(고정 구간): 클수록 좋음 0~20%→1 · 20~40→2 · 40~60→3 · 60~80→4 · 80~100→5 / 작을수록 좋음은 반대.
A6: 역전점: 한 지표의 가중치 w 만 바꾸고 나머지는 비율대로 줄여 합 1.00 유지 — 1위와 2위 총점이 같아지는 w.
A7: 자료: 브이월드 2D 데이터 API 2.0(용도지역 LT_C_UQ111~114 · 공원녹지 LT_C_UPISUQ153 · 국가유산 LT_C_UO301 · 교육환경 LT_C_UO101 · 연속지적도 LP_PA_CBND_BUBUN), Copernicus GLO-90 DEM(Open-Meteo), OSM 간선도로·역 — 조회 2026-10-12 · 좌표는 저장하지 않음(지오코더 이용조건)

Sheet 지표·가중치
A1: 번호 | B1: 국토계획평가 기준 | C1: 지표 | D1: 정의 | E1: 방향 | F1: 가중치 | G1: 근거 | H1: 상태
A2: I1 | B2: ① 지역경쟁력 | C2: 일자리 공간 비율 | D2: 배분 대상지(녹지·기반 제외) 중 공업+상업업무 면적 비율(%) | E2: 클수록 좋음 | F2: 0.15 | G2: 6주차 59쪽 지표 예 '일자리 공간 비율' · 원본 28번(공업 고용 → 주거·상업 파급) | H2: 가안 — 교수자 승인 대기
A3: I2 | B3: ② 지역 간 균형발전 | C3: 주거의 녹지 접근성 | D3: 주거 면적 중 녹지까지 250 m 이내 비율(%) | E3: 클수록 좋음 | F3: 0.2 | G3: 59쪽 '생활권 시설 접근성' · 도시공원법 시행규칙 별표 3 어린이공원 유치거리 250 m(51쪽) | H3: 가안 — 교수자 승인 대기
A4: I3 | B4: ③ 기간시설 효율성 | C4: 개발용지 간선 접근 | D4: 공업+상업업무 면적 중 간선도로 100 m 이내 비율(%) | E4: 클수록 좋음 | F4: 0.1 | G4: 59쪽 '도로·교통' · 원본 9·17·21번(결절점 상업 · 화물수송 직결) | H4: 가안 — 교수자 승인 대기
A5: I4 | B5: ④ 자원의 지속가능한 관리 | C5: 공업–주거 인접 충돌 | D5: 공업 면적 중 주거와 50 m 이내로 맞닿은 비율(%) — 공업 없으면 0 | E5: 작을수록 좋음 | F5: 0.15 | G5: 원본 21번(시가지 이격·완충녹지) · 원본 10번(오염시설 이격) | H5: 가안 — 교수자 승인 대기
A6: I5 | B6: ⑤ 저탄소·친환경 | C6: 주거의 경사 적합 | D6: 주거 면적 중 경사 15% 이하 비율(%) — 지표 ⑥ 기준안 | E6: 클수록 좋음 | F6: 0.2 | G6: 59쪽 지표 예 '경사 적합면적(지표 ⑥)' · 원본 19번(주거 10% 권장·25% 한계) | H6: 가안 — 교수자 승인 대기
A7: I6 | B7: ⑥ 종합계획 정합성 | C7: 현행 용도지역 정합 | D7: 배분 대상지 중 배분 용도가 현행 용도지역과 같은 면적 비율(%) — 주거↔주거지역 · 상업업무↔상업·준주거 | E7: 클수록 좋음 | F7: 0.2 | G7: 59쪽 '상위계획 부합 여부' · 국토계획법 제25조①(관리계획의 기본계획 부합) | H7: 가안 — 교수자 승인 대기
E8: 합계 | F8: =SUM(F2:F7) -> 1 | G8: =IF(ABS(F8-1)<0.0001,"합 1.00 확인","합이 1.00 이 아님 — 가중치 확인") -> 합 1.00 확인

Sheet 지표값
A1: 지표 | B1: A 근린주거형 | C1: B 일자리형 | D1: C 절충형 | E1: 단위 | F1: 출처
A2: I1 | B2: 8.2 | C2: 36.7 | D2: 9 | E2: % | F2: 분석.py — 창신초 반경 400 m 격자 30 m 561점, 2026-10-12
A3: I2 | B3: 100 | C3: 100 | D3: 100 | E3: % | F3: 분석.py — 창신초 반경 400 m 격자 30 m 561점, 2026-10-12
A4: I3 | B4: 100 | C4: 98.9 | D4: 100 | E4: % | F4: 분석.py — 창신초 반경 400 m 격자 30 m 561점, 2026-10-12
A5: I4 | B5: 0 | C5: 46.2 | D5: 100 | E5: % | F5: 분석.py — 창신초 반경 400 m 격자 30 m 561점, 2026-10-12
A6: I5 | B6: 64.4 | C6: 48.4 | D6: 64.1 | E6: % | F6: 분석.py — 창신초 반경 400 m 격자 30 m 561점, 2026-10-12
A7: I6 | B7: 97.6 | C7: 71.4 | D7: 96.7 | E7: % | F7: 분석.py — 창신초 반경 400 m 격자 30 m 561점, 2026-10-12

Sheet 채점·총점
A1: 지표 | B1: 가중치 | C1: A 근린주거형 점수 | D1: B 일자리형 점수 | E1: C 절충형 점수 | F1: A 근린주거형 가중점수 | G1: B 일자리형 가중점수 | H1: C 절충형 가중점수
A2: =지표·가중치!A2 -> I1 | B2: =지표·가중치!F2 -> 0.15 | C2: =IF(지표·가중치!E2="클수록 좋음",MIN(5,INT(지표값!B2/20)+1),MAX(1,5-INT(지표값!B2/20))) -> 1 | D2: =IF(지표·가중치!E2="클수록 좋음",MIN(5,INT(지표값!C2/20)+1),MAX(1,5-INT(지표값!C2/20))) -> 2 | E2: =IF(지표·가중치!E2="클수록 좋음",MIN(5,INT(지표값!D2/20)+1),MAX(1,5-INT(지표값!D2/20))) -> 1 | F2: =$B2*C2 -> 0.15 | G2: =$B2*D2 -> 0.3 | H2: =$B2*E2 -> 0.15
A3: =지표·가중치!A3 -> I2 | B3: =지표·가중치!F3 -> 0.2 | C3: =IF(지표·가중치!E3="클수록 좋음",MIN(5,INT(지표값!B3/20)+1),MAX(1,5-INT(지표값!B3/20))) -> 5 | D3: =IF(지표·가중치!E3="클수록 좋음",MIN(5,INT(지표값!C3/20)+1),MAX(1,5-INT(지표값!C3/20))) -> 5 | E3: =IF(지표·가중치!E3="클수록 좋음",MIN(5,INT(지표값!D3/20)+1),MAX(1,5-INT(지표값!D3/20))) -> 5 | F3: =$B3*C3 -> 1 | G3: =$B3*D3 -> 1 | H3: =$B3*E3 -> 1
A4: =지표·가중치!A4 -> I3 | B4: =지표·가중치!F4 -> 0.1 | C4: =IF(지표·가중치!E4="클수록 좋음",MIN(5,INT(지표값!B4/20)+1),MAX(1,5-INT(지표값!B4/20))) -> 5 | D4: =IF(지표·가중치!E4="클수록 좋음",MIN(5,INT(지표값!C4/20)+1),MAX(1,5-INT(지표값!C4/20))) -> 5 | E4: =IF(지표·가중치!E4="클수록 좋음",MIN(5,INT(지표값!D4/20)+1),MAX(1,5-INT(지표값!D4/20))) -> 5 | F4: =$B4*C4 -> 0.5 | G4: =$B4*D4 -> 0.5 | H4: =$B4*E4 -> 0.5
A5: =지표·가중치!A5 -> I4 | B5: =지표·가중치!F5 -> 0.15 | C5: =IF(지표·가중치!E5="클수록 좋음",MIN(5,INT(지표값!B5/20)+1),MAX(1,5-INT(지표값!B5/20))) -> 5 | D5: =IF(지표·가중치!E5="클수록 좋음",MIN(5,INT(지표값!C5/20)+1),MAX(1,5-INT(지표값!C5/20))) -> 3 | E5: =IF(지표·가중치!E5="클수록 좋음",MIN(5,INT(지표값!D5/20)+1),MAX(1,5-INT(지표값!D5/20))) -> 1 | F5: =$B5*C5 -> 0.75 | G5: =$B5*D5 -> 0.45 | H5: =$B5*E5 -> 0.15
A6: =지표·가중치!A6 -> I5 | B6: =지표·가중치!F6 -> 0.2 | C6: =IF(지표·가중치!E6="클수록 좋음",MIN(5,INT(지표값!B6/20)+1),MAX(1,5-INT(지표값!B6/20))) -> 4 | D6: =IF(지표·가중치!E6="클수록 좋음",MIN(5,INT(지표값!C6/20)+1),MAX(1,5-INT(지표값!C6/20))) -> 3 | E6: =IF(지표·가중치!E6="클수록 좋음",MIN(5,INT(지표값!D6/20)+1),MAX(1,5-INT(지표값!D6/20))) -> 4 | F6: =$B6*C6 -> 0.8 | G6: =$B6*D6 -> 0.6 | H6: =$B6*E6 -> 0.8
A7: =지표·가중치!A7 -> I6 | B7: =지표·가중치!F7 -> 0.2 | C7: =IF(지표·가중치!E7="클수록 좋음",MIN(5,INT(지표값!B7/20)+1),MAX(1,5-INT(지표값!B7/20))) -> 5 | D7: =IF(지표·가중치!E7="클수록 좋음",MIN(5,INT(지표값!C7/20)+1),MAX(1,5-INT(지표값!C7/20))) -> 4 | E7: =IF(지표·가중치!E7="클수록 좋음",MIN(5,INT(지표값!D7/20)+1),MAX(1,5-INT(지표값!D7/20))) -> 5 | F7: =$B7*C7 -> 1 | G7: =$B7*D7 -> 0.8 | H7: =$B7*E7 -> 1
A8: 총점 | C8: =SUMPRODUCT($B$2:$B$7,C2:C7) -> 4.2 | D8: =SUMPRODUCT($B$2:$B$7,D2:D7) -> 3.65 | E8: =SUMPRODUCT($B$2:$B$7,E2:E7) -> 3.6
A9: 순위 | C9: =RANK(C8,$C$8:$E$8) -> 1 | D9: =RANK(D8,$C$8:$E$8) -> 2 | E9: =RANK(E8,$C$8:$E$8) -> 3
A10: 대안 | C10: A 근린주거형 | D10: B 일자리형 | E10: C 절충형
A11: 1위 | C11: =INDEX($C$10:$E$10,MATCH(1,$C$9:$E$9,0)) -> A 근린주거형
A12: 2위 | C12: =INDEX($C$10:$E$10,MATCH(2,$C$9:$E$9,0)) -> B 일자리형

Sheet 역전점
A1: 지표 | B1: 현재 가중치 | C1: 1위 점수 | D1: 2위 점수 | E1: 1위 나머지 평균(B1) | F1: 2위 나머지 평균(B2) | G1: 역전 가중치 w* | H1: 판정
A2: =지표·가중치!A2 -> I1 | B2: =지표·가중치!F2 -> 0.15 | C2: =INDEX(채점·총점!$C2:$E2,MATCH(1,채점·총점!$C$9:$E$9,0)) -> 1 | D2: =INDEX(채점·총점!$C2:$E2,MATCH(2,채점·총점!$C$9:$E$9,0)) -> 2 | E2: =(INDEX(채점·총점!$C$8:$E$8,MATCH(1,채점·총점!$C$9:$E$9,0))-B2*C2)/(1-B2) -> 4.7647059 | F2: =(INDEX(채점·총점!$C$8:$E$8,MATCH(2,채점·총점!$C$9:$E$9,0))-B2*D2)/(1-B2) -> 3.9411765 | G2: =IF(ABS((C2-E2)-(D2-F2))<0.000001,"",(F2-E2)/((C2-E2)-(D2-F2))) -> 0.4516129 | H2: =IF(G2="","0~1 범위에서 1·2위 역전 없음",IF(AND(G2>=0,G2<0.999999),"가중치 "&TEXT(G2,"0.000")&IF(G2>B2," 이상이면"," 이하이면")&" 2위가 1위","0~1 범위에서 1·2위 역전 없음")) -> 가중치 0.452 이상이면 2위가 1위
A3: =지표·가중치!A3 -> I2 | B3: =지표·가중치!F3 -> 0.2 | C3: =INDEX(채점·총점!$C3:$E3,MATCH(1,채점·총점!$C$9:$E$9,0)) -> 5 | D3: =INDEX(채점·총점!$C3:$E3,MATCH(2,채점·총점!$C$9:$E$9,0)) -> 5 | E3: =(INDEX(채점·총점!$C$8:$E$8,MATCH(1,채점·총점!$C$9:$E$9,0))-B3*C3)/(1-B3) -> 4 | F3: =(INDEX(채점·총점!$C$8:$E$8,MATCH(2,채점·총점!$C$9:$E$9,0))-B3*D3)/(1-B3) -> 3.3125 | G3: =IF(ABS((C3-E3)-(D3-F3))<0.000001,"",(F3-E3)/((C3-E3)-(D3-F3))) -> 1 | H3: =IF(G3="","0~1 범위에서 1·2위 역전 없음",IF(AND(G3>=0,G3<0.999999),"가중치 "&TEXT(G3,"0.000")&IF(G3>B3," 이상이면"," 이하이면")&" 2위가 1위","0~1 범위에서 1·2위 역전 없음")) -> 0~1 범위에서 1·2위 역전 없음
A4: =지표·가중치!A4 -> I3 | B4: =지표·가중치!F4 -> 0.1 | C4: =INDEX(채점·총점!$C4:$E4,MATCH(1,채점·총점!$C$9:$E$9,0)) -> 5 | D4: =INDEX(채점·총점!$C4:$E4,MATCH(2,채점·총점!$C$9:$E$9,0)) -> 5 | E4: =(INDEX(채점·총점!$C$8:$E$8,MATCH(1,채점·총점!$C$9:$E$9,0))-B4*C4)/(1-B4) -> 4.1111111 | F4: =(INDEX(채점·총점!$C$8:$E$8,MATCH(2,채점·총점!$C$9:$E$9,0))-B4*D4)/(1-B4) -> 3.5 | G4: =IF(ABS((C4-E4)-(D4-F4))<0.000001,"",(F4-E4)/((C4-E4)-(D4-F4))) -> 1 | H4: =IF(G4="","0~1 범위에서 1·2위 역전 없음",IF(AND(G4>=0,G4<0.999999),"가중치 "&TEXT(G4,"0.000")&IF(G4>B4," 이상이면"," 이하이면")&" 2위가 1위","0~1 범위에서 1·2위 역전 없음")) -> 0~1 범위에서 1·2위 역전 없음
A5: =지표·가중치!A5 -> I4 | B5: =지표·가중치!F5 -> 0.15 | C5: =INDEX(채점·총점!$C5:$E5,MATCH(1,채점·총점!$C$9:$E$9,0)) -> 5 | D5: =INDEX(채점·총점!$C5:$E5,MATCH(2,채점·총점!$C$9:$E$9,0)) -> 3 | E5: =(INDEX(채점·총점!$C$8:$E$8,MATCH(1,채점·총점!$C$9:$E$9,0))-B5*C5)/(1-B5) -> 4.0588235 | F5: =(INDEX(채점·총점!$C$8:$E$8,MATCH(2,채점·총점!$C$9:$E$9,0))-B5*D5)/(1-B5) -> 3.7647059 | G5: =IF(ABS((C5-E5)-(D5-F5))<0.000001,"",(F5-E5)/((C5-E5)-(D5-F5))) -> -0.17241379 | H5: =IF(G5="","0~1 범위에서 1·2위 역전 없음",IF(AND(G5>=0,G5<0.999999),"가중치 "&TEXT(G5,"0.000")&IF(G5>B5," 이상이면"," 이하이면")&" 2위가 1위","0~1 범위에서 1·2위 역전 없음")) -> 0~1 범위에서 1·2위 역전 없음
A6: =지표·가중치!A6 -> I5 | B6: =지표·가중치!F6 -> 0.2 | C6: =INDEX(채점·총점!$C6:$E6,MATCH(1,채점·총점!$C$9:$E$9,0)) -> 4 | D6: =INDEX(채점·총점!$C6:$E6,MATCH(2,채점·총점!$C$9:$E$9,0)) -> 3 | E6: =(INDEX(채점·총점!$C$8:$E$8,MATCH(1,채점·총점!$C$9:$E$9,0))-B6*C6)/(1-B6) -> 4.25 | F6: =(INDEX(채점·총점!$C$8:$E$8,MATCH(2,채점·총점!$C$9:$E$9,0))-B6*D6)/(1-B6) -> 3.8125 | G6: =IF(ABS((C6-E6)-(D6-F6))<0.000001,"",(F6-E6)/((C6-E6)-(D6-F6))) -> -0.77777778 | H6: =IF(G6="","0~1 범위에서 1·2위 역전 없음",IF(AND(G6>=0,G6<0.999999),"가중치 "&TEXT(G6,"0.000")&IF(G6>B6," 이상이면"," 이하이면")&" 2위가 1위","0~1 범위에서 1·2위 역전 없음")) -> 0~1 범위에서 1·2위 역전 없음
A7: =지표·가중치!A7 -> I6 | B7: =지표·가중치!F7 -> 0.2 | C7: =INDEX(채점·총점!$C7:$E7,MATCH(1,채점·총점!$C$9:$E$9,0)) -> 5 | D7: =INDEX(채점·총점!$C7:$E7,MATCH(2,채점·총점!$C$9:$E$9,0)) -> 4 | E7: =(INDEX(채점·총점!$C$8:$E$8,MATCH(1,채점·총점!$C$9:$E$9,0))-B7*C7)/(1-B7) -> 4 | F7: =(INDEX(채점·총점!$C$8:$E$8,MATCH(2,채점·총점!$C$9:$E$9,0))-B7*D7)/(1-B7) -> 3.5625 | G7: =IF(ABS((C7-E7)-(D7-F7))<0.000001,"",(F7-E7)/((C7-E7)-(D7-F7))) -> -0.77777778 | H7: =IF(G7="","0~1 범위에서 1·2위 역전 없음",IF(AND(G7>=0,G7<0.999999),"가중치 "&TEXT(G7,"0.000")&IF(G7>B7," 이상이면"," 이하이면")&" 2위가 1위","0~1 범위에서 1·2위 역전 없음")) -> 0~1 범위에서 1·2위 역전 없음
A9: 계산식: 지표 k 의 가중치를 w 로 바꾸고 나머지를 (1-w)/(1-w_k) 배로 줄이면 대안 총점 = w·s_k + (1-w)·B, B = (현재 총점 - w_k·s_k)/(1-w_k). 1위와 2위 총점이 같아지는 w 가 역전점.

Sheet 배분 3안
A1: 대안 | B1: 용도 | C1: 면적(ha) | D1: 구성비(%)
A2: A 근린주거형 | B2: 녹지 | C2: 17.73 | D2: 35.1
A3: A 근린주거형 | B3: 기반·공공(존치) | C3: 10.71 | D3: 21.2
A4: A 근린주거형 | B4: 공업 | C4: 0 | D4: 0
A5: A 근린주거형 | B5: 상업업무 | C5: 1.8 | D5: 3.6
A6: A 근린주거형 | B6: 주거 | C6: 20.25 | D6: 40.1
A7: B 일자리형 | B7: 녹지 | C7: 17.73 | D7: 35.1
A8: B 일자리형 | B8: 기반·공공(존치) | C8: 10.71 | D8: 21.2
A9: B 일자리형 | B9: 공업 | C9: 3.51 | D9: 7
A10: B 일자리형 | B10: 상업업무 | C10: 4.59 | D10: 9.1
A11: B 일자리형 | B11: 주거 | C11: 13.95 | D11: 27.6
A12: C 절충형 | B12: 녹지 | C12: 17.73 | D12: 35.1
A13: C 절충형 | B13: 기반·공공(존치) | C13: 10.71 | D13: 21.2
... A16: C 절충형 | B16: 주거 | C16: 20.07 | D16: 39.8

Sheet 지표6
A1: 후보지 | B1: 임계값 | C1: 경사 조건 충족(%) | D1: 경사·향·표고 동시 충족(%) | E1: 적합면적(ha) | F1: 향 기준 | G1: 표고 기준 | H1: DEM | I1: 표본 | J1: 조회일
A2: 창신초 | B2: 하한 10% | C2: 33.7 | D2: 16.2 | E2: 8.19 | F2: 135~225° (북 0° 시계방향) | G2: 원 안 최저 22 m + 50 m 이내(가정) | H2: Copernicus GLO-90 90 m (Open-Meteo Elevation API) — 국토지리정보원 90 m 대용 | I2: 격자 30 m · 561점 · 경사 차분 ±60 m | J2: 2026-10-12
A3: 창신초 | B3: 기준안 15% | C3: 48.1 | D3: 20.1 | E3: 10.17 | F3: 135~225° (북 0° 시계방향) | G3: 원 안 최저 22 m + 50 m 이내(가정) | H3: Copernicus GLO-90 90 m (Open-Meteo Elevation API) — 국토지리정보원 90 m 대용 | I3: 격자 30 m · 561점 · 경사 차분 ±60 m | J3: 2026-10-12
A4: 창신초 | B4: 상한 25% | C4: 75.4 | D4: 25.8 | E4: 13.05 | F4: 135~225° (북 0° 시계방향) | G4: 원 안 최저 22 m + 50 m 이내(가정) | H4: Copernicus GLO-90 90 m (Open-Meteo Elevation API) — 국토지리정보원 90 m 대용 | I4: 격자 30 m · 561점 · 경사 차분 ±60 m | J4: 2026-10-12
A5: 종로구청 | B5: 하한 10% | C5: 94.8 | D5: 28 | E5: 14.13 | F5: 135~225° (북 0° 시계방향) | G5: 원 안 최저 25 m + 50 m 이내(가정) | H5: Copernicus GLO-90 90 m (Open-Meteo Elevation API) — 국토지리정보원 90 m 대용 | I5: 격자 30 m · 561점 · 경사 차분 ±60 m | J5: 2026-10-12
A6: 종로구청 | B6: 기준안 15% | C6: 100 | D6: 31.2 | E6: 15.75 | F6: 135~225° (북 0° 시계방향) | G6: 원 안 최저 25 m + 50 m 이내(가정) | H6: Copernicus GLO-90 90 m (Open-Meteo Elevation API) — 국토지리정보원 90 m 대용 | I6: 격자 30 m · 561점 · 경사 차분 ±60 m | J6: 2026-10-12
A7: 종로구청 | B7: 상한 25% | C7: 100 | D7: 31.2 | E7: 15.75 | F7: 135~225° (북 0° 시계방향) | G7: 원 안 최저 25 m + 50 m 이내(가정) | H7: Copernicus GLO-90 90 m (Open-Meteo Elevation API) — 국토지리정보원 90 m 대용 | I7: 격자 30 m · 561점 · 경사 차분 ±60 m | J7: 2026-10-12

Sheet 4축표
A1: 용도 | B1: 축 | C1: 요건 문장 | D1: 근거 | E1: 조회 지표 | F1: 창신초 값 | G1: 창신초 판정 | H1: 종로구청 값 | I1: 종로구청 판정 | J1: 판정 기준(가정)
A2: 녹지 | B2: 지형 | C2: 급경사·재난위험지대 등 시가화 부적당지를 녹지로 먼저 묶는다 | D2: 원본 13·14번 · 6주차 18쪽 | E2: 경사 25% 초과 면적(%) | F2: 24.6 | G2: 충족 | H2: 0 | I2: 미충족 | J2: ≥10% 충족 · 0 초과 조건부(녹지 후보지 존재 여부)
A3: 녹지 | B3: 접근성 | C3: 근린주구 생활권 안에서 일상적으로 걸어 이용할 수 있는 거리에 둔다 | D3: 원본 13번 · 도시공원법 시행규칙 별표 3 | E3: 공원·녹지 결정 면적(%) | F3: 24.8 | G3: 충족 | H3: 9.6 | I3: 충족 | J3: 도시공원법 시행규칙 별표 2 — 30만~100만㎡ 부지 9%(충족)·1만~30만㎡ 5%(조건부)
A4: 녹지 | B4: 주변환경 | C4: 풍치·산림을 보전하고 위험시설과의 사이를 완충한다 | D4: 원본 13·14번 · 도시공원법 제35조 | E4: 문화재보호구역(%) | F4: 0.7 | G4: 충족 | H4: 0.4 | I4: 충족 | J4: >0 이면 보전 대상 존재(충족)
A5: 녹지 | B5: 기반시설 | C5: 녹지체계 위계(환상·방사·격자·분산)를 도시 전체와 잇는다 | D5: 원본 13번 | E5: 지표 없음(정성) | G5: 지표 없음 | I5: 지표 없음 | J5: 6주차 25쪽 — 측정 불가 낱말은 '지표 없음' 표기
A6: 상업업무 | B6: 지형 | C6: 유통·대형 시설은 경사 5% 이하 평지에 둔다 | D6: 원본 17번 · 6주차 16쪽 | E6: 경사 5% 이하 면적(%) | F6: 15.2 | G6: 미충족 | H6: 64.9 | I6: 충족 | J6: ≥50% 충족 · 20~50% 조건부
A7: 상업업무 | B7: 접근성 | C7: 위계별 교통결절 — 중심은 교통망 집중지, 일반은 간선 교차점, 근린은 주거지 인접 | D7: 원본 9·15~17번 · 6주차 14쪽 | E7: 최근접 도시철도역(m) | F7: 426 | G7: 충족 | H7: 291 | I7: 충족 | J7: 역 500 m 이내 충족(역세권) · 1,000 m 이내 조건부
A8: 상업업무 | B8: 주변환경 | C8: 근린상업은 녹지와 이어 쾌적성을 유지한다 | D8: 원본 17번 | E8: 공원·녹지 결정 면적(%) | F8: 24.8 | G8: 충족 | H8: 9.6 | I8: 충족 | J8: ≥5% 충족
A9: 상업업무 | B9: 기반시설 | C9: 배후인구(근린 3~5만 명)와 물류망을 갖춘다 | D9: 원본 16·17번 | E9: 주거지역(%) — 배후 주거 | F9: 90.6 | G9: 충족 | H9: 3.7 | I9: 미충족 | J9: ≥40% 충족(근린 배후) · 10~40% 조건부
A10: 주거 | B10: 지형 | C10: 경사 4~10%(바람직)·25% 한계, 표고는 기반시설 +50 m 이내 | D10: 원본 19번 · 6주차 16·17쪽 | E10: 경사 10% 이하 면적(%) | F10: 33.7 | G10: 조건부 | H10: 94.8 | I10: 충족 | J10: ≥50% 충족 · 25~50% 조건부
A11: 주거 | B11: 접근성 | C11: 직장·편익시설에 가깝고 휴식공간·간선도로와 이어진다 | D11: 원본 19번 | E11: 최근접 도시철도역(m) | F11: 426 | G11: 충족 | H11: 291 | I11: 충족 | J11: 역 500 m 이내 충족
A12: 주거 | B12: 주변환경 | C12: 오염원에서 떨어지고 남경사지, 녹지·수변과 잇는다 | D12: 원본 19번 | E12: 남향(향 135~225°) 면적(%) | F12: 34.6 | G12: 충족 | H12: 31.2 | I12: 충족 | J12: ≥30% 충족(남향 ±45°는 전체의 25% — 평균 이상)
A13: 주거 | B13: 기반시설 | C13: 도로·가스·전기가 이미 깔린 곳(공급망 기구축) | D13: 원본 19번 | E13: 도로(지목 '도') 면적(%) | F13: 14.6 | G13: 조건부 | H13: 34.6 | I13: 충족 | J13: ≥15% 충족 · 10~15% 조건부(가스·전기는 지표 없음)
A14: 공업 | B14: 지형 | C14: 경사 5% 이하, 최소 규모 이상의 평탄지 | D14: 원본 21번 · 6주차 19쪽 | E14: 경사 5% 이하 면적(%) | F14: 15.2 | G14: 미충족 | H14: 64.9 | I14: 충족 | J14: ≥50% 충족 · 20~50% 조건부
A15: 공업 | B15: 접근성 | C15: 화물수송·출퇴근 간선에 직결한다 | D15: 원본 9·21번 | E15: 간선 100 m 이내 면적(%) | F15: 37.8 | G15: 충족 | H15: 65.1 | I15: 충족 | J15: ≥30% 충족
A16: 공업 | B16: 주변환경 | C16: 시가지와 떨어지고 완충녹지·확장 여지를 확보한다 | D16: 원본 10·21번 · 교육환경보호법 제9조 | E16: 주거지역(%) · 교육환경보호구역(%) | F16: 90.6 · 65.4 | G16: 미충족 | H16: 3.7 · 5.0 | I16: 충족 | J16: 주거지역·교육환경보호구역 둘 다 30% 미만이면 충족
A17: 공업 | B17: 기반시설 | C17: 폐수·폐기물 처리가 쉽고 공업용수·동력을 확보한다 | D17: 원본 21번 | E17: 지표 없음(원 안 처리시설 미조회) | G17: 미확인 | I17: 미확인 | J17: 하수처리·용수 공급은 원 단위 자료 없음 — 빈칸 + 사유
